{
    "name": "root",
    "gauges": {
        "VRAgent.Policy.Entropy.mean": {
            "value": 1.6935076713562012,
            "min": 1.414535641670227,
            "max": 1.6935076713562012,
            "count": 500
        },
        "VRAgent.Policy.Entropy.sum": {
            "value": 17178.94140625,
            "min": 11622.068359375,
            "max": 17336.134765625,
            "count": 500
        },
        "VRAgent.Step.mean": {
            "value": 4999991.0,
            "min": 9984.0,
            "max": 4999991.0,
            "count": 500
        },
        "VRAgent.Step.sum": {
            "value": 4999991.0,
            "min": 9984.0,
            "max": 4999991.0,
            "count": 500
        },
        "VRAgent.Policy.ExtrinsicValueEstimate.mean": {
            "value": 2.9131569862365723,
            "min": -7529.275390625,
            "max": 4.860550403594971,
            "count": 500
        },
        "VRAgent.Policy.ExtrinsicValueEstimate.sum": {
            "value": 241.7920379638672,
            "min": -609871.3125,
            "max": 408.2862243652344,
            "count": 500
        },
        "VRAgent.IsTraining.mean": {
            "value": 1.0,
            "min": 1.0,
            "max": 1.0,
            "count": 500
        },
        "VRAgent.IsTraining.sum": {
            "value": 1.0,
            "min": 1.0,
            "max": 1.0,
            "count": 500
        },
        "VRAgent.Losses.PolicyLoss.mean": {
            "value": 0.06129836036513249,
            "min": 0.013071731276189288,
            "max": 0.42429929887875917,
            "count": 242
        },
        "VRAgent.Losses.PolicyLoss.sum": {
            "value": 0.06129836036513249,
            "min": 0.013071731276189288,
            "max": 0.42429929887875917,
            "count": 242
        },
        "VRAgent.Losses.ValueLoss.mean": {
            "value": 0.28234457870324453,
            "min": 0.023376524201453183,
            "max": 1049348.9000353494,
            "count": 242
        },
        "VRAgent.Losses.ValueLoss.sum": {
            "value": 0.28234457870324453,
            "min": 0.023376524201453183,
            "max": 1049348.9000353494,
            "count": 242
        },
        "VRAgent.Policy.LearningRate.mean": {
            "value": 9.248196917600119e-07,
            "min": 9.248196917600119e-07,
            "max": 0.00029864832045055996,
            "count": 242
        },
        "VRAgent.Policy.LearningRate.sum": {
            "value": 9.248196917600119e-07,
            "min": 9.248196917600119e-07,
            "max": 0.00029864832045055996,
            "count": 242
        },
        "VRAgent.Policy.Epsilon.mean": {
            "value": 0.10030823999999999,
            "min": 0.10030823999999999,
            "max": 0.19954944000000002,
            "count": 242
        },
        "VRAgent.Policy.Epsilon.sum": {
            "value": 0.10030823999999999,
            "min": 0.10030823999999999,
            "max": 0.19954944000000002,
            "count": 242
        },
        "VRAgent.Policy.Beta.mean": {
            "value": 2.5381176000000194e-05,
            "min": 2.5381176000000194e-05,
            "max": 0.0049775170560000005,
            "count": 242
        },
        "VRAgent.Policy.Beta.sum": {
            "value": 2.5381176000000194e-05,
            "min": 2.5381176000000194e-05,
            "max": 0.0049775170560000005,
            "count": 242
        },
        "VRAgent.Environment.EpisodeLength.mean": {
            "value": 1597.25,
            "min": 300.0,
            "max": 9999.0,
            "count": 470
        },
        "VRAgent.Environment.EpisodeLength.sum": {
            "value": 12778.0,
            "min": 329.0,
            "max": 159492.0,
            "count": 470
        },
        "VRAgent.Environment.CumulativeReward.mean": {
            "value": 44.125,
            "min": -163.0,
            "max": 45.0,
            "count": 469
        },
        "VRAgent.Environment.CumulativeReward.sum": {
            "value": 353.0,
            "min": -330.0,
            "max": 511.0,
            "count": 469
        },
        "VRAgent.Policy.ExtrinsicReward.mean": {
            "value": 44.125,
            "min": -163.0,
            "max": 45.0,
            "count": 469
        },
        "VRAgent.Policy.ExtrinsicReward.sum": {
            "value": 353.0,
            "min": -330.0,
            "max": 511.0,
            "count": 469
        }
    },
    "metadata": {
        "timer_format_version": "0.1.0",
        "start_time_seconds": "1732695700",
        "python_version": "3.7.13 (default, Mar 28 2022, 08:03:21) [MSC v.1916 64 bit (AMD64)]",
        "command_line_arguments": "E:\\--SoftWare\\envs\\ml-agents\\Scripts\\mlagents-learn ./config.yaml --run-id TestAgent2",
        "mlagents_version": "0.29.0",
        "mlagents_envs_version": "0.29.0",
        "communication_protocol_version": "1.5.0",
        "pytorch_version": "1.7.0+cpu",
        "numpy_version": "1.21.2",
        "end_time_seconds": "1732700024"
    },
    "total": 4324.161329799999,
    "count": 1,
    "self": 0.00739649999923131,
    "children": {
        "run_training.setup": {
            "total": 0.13866889999999987,
            "count": 1,
            "self": 0.13866889999999987
        },
        "TrainerController.start_learning": {
            "total": 4324.0152644,
            "count": 1,
            "self": 6.245580600025278,
            "children": {
                "TrainerController._reset_env": {
                    "total": 13.3246783,
                    "count": 1,
                    "self": 13.3246783
                },
                "TrainerController.advance": {
                    "total": 4304.412910199974,
                    "count": 314085,
                    "self": 5.825103499814759,
                    "children": {
                        "env_step": {
                            "total": 2505.592648800075,
                            "count": 314085,
                            "self": 2160.85461949995,
                            "children": {
                                "SubprocessEnvManager._take_step": {
                                    "total": 340.7424153000789,
                                    "count": 314085,
                                    "self": 17.472705100049325,
                                    "children": {
                                        "TorchPolicy.evaluate": {
                                            "total": 323.2697102000296,
                                            "count": 312551,
                                            "self": 43.74333670012567,
                                            "children": {
                                                "TorchPolicy.sample_actions": {
                                                    "total": 279.5263734999039,
                                                    "count": 312551,
                                                    "self": 279.5263734999039
                                                }
                                            }
                                        }
                                    }
                                },
                                "workers": {
                                    "total": 3.9956140000460554,
                                    "count": 314085,
                                    "self": 0.0,
                                    "children": {
                                        "worker_root": {
                                            "total": 4301.868095800167,
                                            "count": 314085,
                                            "is_parallel": true,
                                            "self": 2556.118111200052,