{
    "name": "root",
    "gauges": {
        "VRAgent.Policy.Entropy.mean": {
            "value": 1.4200043678283691,
            "min": 1.4189382791519165,
            "max": 1.4200043678283691,
            "count": 5
        },
        "VRAgent.Policy.Entropy.sum": {
            "value": 14540.8447265625,
            "min": 14529.927734375,
            "max": 14540.8447265625,
            "count": 5
        },
        "VRAgent.Step.mean": {
            "value": 49920.0,
            "min": 9984.0,
            "max": 49920.0,
            "count": 5
        },
        "VRAgent.Step.sum": {
            "value": 49920.0,
            "min": 9984.0,
            "max": 49920.0,
            "count": 5
        },
        "VRAgent.Policy.ExtrinsicValueEstimate.mean": {
            "value": 0.33724266290664673,
            "min": -0.13699525594711304,
            "max": 0.33724266290664673,
            "count": 5
        },
        "VRAgent.Policy.ExtrinsicValueEstimate.sum": {
            "value": 26.304927825927734,
            "min": -10.685629844665527,
            "max": 26.304927825927734,
            "count": 5
        },
        "VRAgent.IsTraining.mean": {
            "value": 1.0,
            "min": 1.0,
            "max": 1.0,
            "count": 5
        },
        "VRAgent.IsTraining.sum": {
            "value": 1.0,
            "min": 1.0,
            "max": 1.0,
            "count": 5
        },
        "VRAgent.Losses.PolicyLoss.mean": {
            "value": 0.01592883094439678,
            "min": 0.01592883094439678,
            "max": 0.017877708069246375,
            "count": 2
        },
        "VRAgent.Losses.PolicyLoss.sum": {
            "value": 0.01592883094439678,
            "min": 0.01592883094439678,
            "max": 0.017877708069246375,
            "count": 2
        },
        "VRAgent.Losses.ValueLoss.mean": {
            "value": 0.429060953133034,
            "min": 0.429060953133034,
            "max": 0.5101837199745756,
            "count": 2
        },
        "VRAgent.Losses.ValueLoss.sum": {
            "value": 0.429060953133034,
            "min": 0.429060953133034,
            "max": 0.5101837199745756,
            "count": 2
        },
        "VRAgent.Policy.LearningRate.mean": {
            "value": 0.00029729664090112,
            "min": 0.00029729664090112,
            "max": 0.00029864832045055996,
            "count": 2
        },
        "VRAgent.Policy.LearningRate.sum": {
            "value": 0.00029729664090112,
            "min": 0.00029729664090112,
            "max": 0.00029864832045055996,
            "count": 2
        },
        "VRAgent.Policy.Epsilon.mean": {
            "value": 0.19909888,
            "min": 0.19909888,
            "max": 0.19954944000000002,
            "count": 2
        },
        "VRAgent.Policy.Epsilon.sum": {
            "value": 0.19909888,
            "min": 0.19909888,
            "max": 0.19954944000000002,
            "count": 2
        },
        "VRAgent.Policy.Beta.mean": {
            "value": 0.004955034112,
            "min": 0.004955034112,
            "max": 0.0049775170560000005,
            "count": 2
        },
        "VRAgent.Policy.Beta.sum": {
            "value": 0.004955034112,
            "min": 0.004955034112,
            "max": 0.0049775170560000005,
            "count": 2
        }
    },
    "metadata": {
        "timer_format_version": "0.1.0",
        "start_time_seconds": "1732812466",
        "python_version": "3.7.13 (default, Mar 28 2022, 08:03:21) [MSC v.1916 64 bit (AMD64)]",
        "command_line_arguments": "E:\\--SoftWare\\envs\\ml-agents\\Scripts\\mlagents-learn ./config.yaml --run-id TestAgent2",
        "mlagents_version": "0.29.0",
        "mlagents_envs_version": "0.29.0",
        "communication_protocol_version": "1.5.0",
        "pytorch_version": "1.7.0+cpu",
        "numpy_version": "1.21.2",
        "end_time_seconds": "1732812538"
    },
    "total": 72.4336785,
    "count": 1,
    "self": 0.006233199999996941,
    "children": {
        "run_training.setup": {
            "total": 0.14004479999999986,
            "count": 1,
            "self": 0.14004479999999986
        },
        "TrainerController.start_learning": {
            "total": 72.2874005,
            "count": 1,
            "self": 0.05925229999988346,
            "children": {
                "TrainerController._reset_env": {
                    "total": 34.1242585,
                    "count": 1,
                    "self": 34.1242585
                },
                "TrainerController.advance": {
                    "total": 38.04802560000012,
                    "count": 3300,
                    "self": 0.05721900000052216,
                    "children": {
                        "env_step": {
                            "total": 24.890376599999563,
                            "count": 3300,
                            "self": 22.217165599999603,
                            "children": {
                                "SubprocessEnvManager._take_step": {
                                    "total": 2.6365089000000665,
                                    "count": 3300,
                                    "self": 0.16509310000056132,
                                    "children": {
                                        "TorchPolicy.evaluate": {
                                            "total": 2.4714157999995052,
                                            "count": 3300,
                                            "self": 0.3980021999992971,
                                            "children": {
                                                "TorchPolicy.sample_actions": {
                                                    "total": 2.073413600000208,
                                                    "count": 3300,
                                                    "self": 2.073413600000208
                                                }
                                            }
                                        }
                                    }
                                },
                                "workers": {
                                    "total": 0.03670209999989282,
                                    "count": 3300,
                                    "self": 0.0,
                                    "children": {
                                        "worker_root": {
                                            "total": 38.04236480000004,
                                            "count": 3300,
                                            "is_parallel": true,
                                            "self": 19.6766559000003,
                                            "children": {
                                                "steps_from_proto": {
                                                    "total": 0.0006824999999963666,
                                                    "count": 1,
                                                    "is_parallel": true,
                                                    "self": 0.000145799999991425,
                                                    "children": {
                                                        "_process_rank_one_or_two_observation": {
                                                            "total": 0.0005367000000049416,
                                                            "count": 8,
                                                            "is_parallel": true,
                                                            "self": 0.0005367000000049416
                                                        }
                                                    }
                                                },
                                                "UnityEnvironment.step": {
                                                    "total": 18.365026399999742,