{"count":1,"self":795.4480128,"total":4313.9818199,"children":{"InitializeActuators":{"count":16,"self":0.0010063,"total":0.0010063,"children":null},"InitializeSensors":{"count":16,"self":0.0015057,"total":0.0015057,"children":null},"AgentSendState":{"count":1562771,"self":98.147776,"total":160.12183249999998,"children":{"CollectObservations":{"count":5000880,"self":8.1975376,"total":8.1975375,"children":null},"WriteActionMask":{"count":5000880,"self":0.9699742,"total":0.9699742,"children":null},"RequestDecision":{"count":5000880,"self":7.5879151999999994,"total":52.8065457,"children":{"AgentInfo.ToProto":{"count":5000880,"self":4.5513395999999995,"total":45.2186301,"children":{"GenerateSensorData":{"count":5000880,"self":33.029564799999996,"total":40.6672904,"children":{"RayPerceptionSensor.Perceive":{"count":15002640,"self":7.6377248,"total":7.6377251999999993,"children":null}}}}}}}}},"DecideAction":{"count":1562771,"self":3342.9229568,"total":3342.9229007,"children":null},"AgentAct":{"count":1562771,"self":15.448262399999999,"total":15.455411699999999,"children":{"AgentInfo.ToProto":{"count":375,"self":0.0021422999999999998,"total":0.0071496,"children":{"GenerateSensorData":{"count":375,"self":0.0030033,"total":0.0050073,"children":{"RayPerceptionSensor.Perceive":{"count":1125,"self":0.0020039999999999997,"total":0.0020039999999999997,"children":null}}}}}}},"AgentInfo.ToProto":{"count":1526,"self":0.0035015999999999997,"total":0.031164499999999998,"children":{"GenerateSensorData":{"count":1526,"self":0.0189882,"total":0.027662899999999997,"children":{"RayPerceptionSensor.Perceive":{"count":4578,"self":0.0086747,"total":0.0086747,"children":null}}}}}},"gauges":{"VRAgent.CumulativeReward":{"count":1901,"max":45,"min":-420,"runningAverage":41.3166733,"value":38,"weightedAverage":42.96168}},"metadata":{"timer_format_version":"0.1.0","start_time_seconds":"1732695710","unity_version":"2021.3.13f1c1","command_line_arguments":"E:\\--Unity New\\2021.3.13f1c1\\Editor\\Unity.exe -projectpath D:\\--UnityProject\\VR\\VRAgent -useHub -hubIPC -cloudEnvironment production -licensingIpc LicenseClient-TsingPig -hubSessionId 5bbc7dc0-aaef-11ef-857a-bf44fe043e6c -accessToken JH5U6av3rPbzFvgXU7JX0nzG5ZH4yIBTmO0X0MBBkcI01ef","communication_protocol_version":"1.5.0","com.unity.ml-agents_version":"2.0.1","scene_name":"TestAgent2","end_time_seconds":"1732700024"}}