{"count":1,"self":71.036384,"total":73.2435493,"children":{"InitializeActuators":{"count":1,"self":0.0010000999999999999,"total":0.0010000999999999999,"children":null},"InitializeSensors":{"count":1,"self":0.0010019999999999999,"total":0.0010019999999999999,"children":null},"AgentSendState":{"count":5053,"self":0.0134574,"total":0.022700099999999997,"children":{"CollectObservations":{"count":1011,"self":0.0071312999999999993,"total":0.0071312999999999993,"children":null},"WriteActionMask":{"count":1011,"self":0.0010153999999999999,"total":0.0010153999999999999,"children":null},"RequestDecision":{"count":1011,"self":0.001096,"total":0.001096,"children":null}}},"DecideAction":{"count":5053,"self":0.020854599999999997,"total":0.020854599999999997,"children":null},"AgentAct":{"count":5053,"self":2.1616076,"total":2.1616076,"children":null}},"gauges":{},"metadata":{"timer_format_version":"0.1.0","start_time_seconds":"1732110213","unity_version":"2021.3.13f1c1","command_line_arguments":"E:\\--Unity New\\2021.3.13f1c1\\Editor\\Unity.exe -projectPath D:\\--UnityProject\\VR\\VRAgent","communication_protocol_version":"1.5.0","com.unity.ml-agents_version":"2.0.1","scene_name":"XR Demo","end_time_seconds":"1732110287"}}