{"count":1,"self":958.84851199999991,"total":4172.5056749999994,"children":{"InitializeActuators":{"count":16,"self":0.0021354,"total":0.0021354,"children":null},"InitializeSensors":{"count":16,"self":0.0036238999999999998,"total":0.0036238999999999998,"children":null},"AgentSendState":{"count":1562771,"self":91.21426559999999,"total":153.0910286,"children":{"CollectObservations":{"count":5000880,"self":9.1127608,"total":9.112760699999999,"children":null},"WriteActionMask":{"count":5000880,"self":1.0279524,"total":1.0279524,"children":null},"RequestDecision":{"count":5000880,"self":7.4707871999999993,"total":51.7360492,"children":{"AgentInfo.ToProto":{"count":5000880,"self":4.885526,"total":44.2652624,"children":{"GenerateSensorData":{"count":5000880,"self":31.974025599999997,"total":39.3797365,"children":{"RayPerceptionSensor.Perceive":{"count":15002640,"self":7.4057119999999994,"total":7.4057121,"children":null}}}}}}}}},"DecideAction":{"count":1562771,"self":3043.3519616,"total":3043.3519438999997,"children":null},"AgentAct":{"count":1562771,"self":17.047926399999998,"total":17.049932899999998,"children":{"AgentInfo.ToProto":{"count":41,"self":0,"total":0.0020068,"children":{"GenerateSensorData":{"count":41,"self":0.0015026999999999998,"total":0.0020068,"children":{"RayPerceptionSensor.Perceive":{"count":123,"self":0.0005041,"total":0.0005041,"children":null}}}}}}},"AgentInfo.ToProto":{"count":9305,"self":0.0294004,"total":0.15748379999999998,"children":{"GenerateSensorData":{"count":9305,"self":0.11407189999999999,"total":0.1280834,"children":{"RayPerceptionSensor.Perceive":{"count":27915,"self":0.0140115,"total":0.0140115,"children":null}}}}}},"gauges":{"VRAgent.CumulativeReward":{"count":9346,"max":45,"min":-58,"runningAverage":44.8313866,"value":45,"weightedAverage":44.9999924}},"metadata":{"timer_format_version":"0.1.0","start_time_seconds":"1732601933","unity_version":"2021.3.13f1c1","command_line_arguments":"E:\\--Unity New\\2021.3.13f1c1\\Editor\\Unity.exe -projectpath D:\\--UnityProject\\VR\\VRAgent -useHub -hubIPC -cloudEnvironment production -licensingIpc LicenseClient-TsingPig -hubSessionId 5bbc7dc0-aaef-11ef-857a-bf44fe043e6c -accessToken JH5U6av3rPbzFvgXU7JX0nzG5ZH4yIBTmO0X0MBBkcI01ef","communication_protocol_version":"1.5.0","com.unity.ml-agents_version":"2.0.1","scene_name":"XR Demo","end_time_seconds":"1732606105"}}