{
    "name": "root",
    "gauges": {
        "VRAgent.Policy.Entropy.mean": {
            "value": 1.4883581399917603,
            "min": 1.416874647140503,
            "max": 1.534024715423584,
            "count": 500
        },
        "VRAgent.Policy.Entropy.sum": {
            "value": 14621.630859375,
            "min": 11679.4482421875,
            "max": 15912.15625,
            "count": 500
        },
        "VRAgent.Step.mean": {
            "value": 4999919.0,
            "min": 9984.0,
            "max": 4999919.0,
            "count": 500
        },
        "VRAgent.Step.sum": {
            "value": 4999919.0,
            "min": 9984.0,
            "max": 4999919.0,
            "count": 500
        },
        "VRAgent.Policy.ExtrinsicValueEstimate.mean": {
            "value": 7.887820243835449,
            "min": -4370.634765625,
            "max": 8.71363639831543,
            "count": 500
        },
        "VRAgent.Policy.ExtrinsicValueEstimate.sum": {
            "value": 709.90380859375,
            "min": -354021.40625,
            "max": 808.0435791015625,
            "count": 500
        },
        "VRAgent.IsTraining.mean": {
            "value": 1.0,
            "min": 1.0,
            "max": 1.0,
            "count": 500
        },
        "VRAgent.IsTraining.sum": {
            "value": 1.0,
            "min": 1.0,
            "max": 1.0,
            "count": 500
        },
        "VRAgent.Losses.PolicyLoss.mean": {
            "value": 0.013808586520220463,
            "min": 0.01048613631670984,
            "max": 0.23609386881192526,
            "count": 242
        },
        "VRAgent.Losses.PolicyLoss.sum": {
            "value": 0.013808586520220463,
            "min": 0.01048613631670984,
            "max": 0.23609386881192526,
            "count": 242
        },
        "VRAgent.Losses.ValueLoss.mean": {
            "value": 1.6730879028638204,
            "min": 0.036219387371657474,
            "max": 1657777.4333333333,
            "count": 242
        },
        "VRAgent.Losses.ValueLoss.sum": {
            "value": 1.6730879028638204,
            "min": 0.036219387371657474,
            "max": 1657777.4333333333,
            "count": 242
        },
        "VRAgent.Policy.LearningRate.mean": {
            "value": 6.851797716400157e-07,
            "min": 6.851797716400157e-07,
            "max": 0.00029864832045055996,
            "count": 242
        },
        "VRAgent.Policy.LearningRate.sum": {
            "value": 6.851797716400157e-07,
            "min": 6.851797716400157e-07,
            "max": 0.00029864832045055996,
            "count": 242
        },
        "VRAgent.Policy.Epsilon.mean": {
            "value": 0.10022836000000002,
            "min": 0.10022836000000002,
            "max": 0.19954944000000002,
            "count": 242
        },
        "VRAgent.Policy.Epsilon.sum": {
            "value": 0.10022836000000002,
            "min": 0.10022836000000002,
            "max": 0.19954944000000002,
            "count": 242
        },
        "VRAgent.Policy.Beta.mean": {
            "value": 2.1395164000000254e-05,
            "min": 2.1395164000000254e-05,
            "max": 0.0049775170560000005,
            "count": 242
        },
        "VRAgent.Policy.Beta.sum": {
            "value": 2.1395164000000254e-05,
            "min": 2.1395164000000254e-05,
            "max": 0.0049775170560000005,
            "count": 242
        },
        "VRAgent.Environment.EpisodeLength.mean": {
            "value": 415.24,
            "min": 374.0,
            "max": 9999.0,
            "count": 479
        },
        "VRAgent.Environment.EpisodeLength.sum": {
            "value": 10381.0,
            "min": 3984.0,
            "max": 159984.0,
            "count": 479
        },
        "VRAgent.Environment.CumulativeReward.mean": {
            "value": 45.0,
            "min": -17.933333333333334,
            "max": 45.0,
            "count": 480
        },
        "VRAgent.Environment.CumulativeReward.sum": {
            "value": 1125.0,
            "min": -269.0,
            "max": 1298.0,
            "count": 480
        },
        "VRAgent.Policy.ExtrinsicReward.mean": {
            "value": 45.0,
            "min": -17.933333333333334,
            "max": 45.0,
            "count": 480
        },
        "VRAgent.Policy.ExtrinsicReward.sum": {
            "value": 1125.0,
            "min": -269.0,
            "max": 1298.0,
            "count": 480
        }
    },
    "metadata": {
        "timer_format_version": "0.1.0",
        "start_time_seconds": "1732601894",
        "python_version": "3.7.13 (default, Mar 28 2022, 08:03:21) [MSC v.1916 64 bit (AMD64)]",
        "command_line_arguments": "E:\\--SoftWare\\envs\\ml-agents\\Scripts\\mlagents-learn ./config.yaml --run-id hb_02",
        "mlagents_version": "0.29.0",
        "mlagents_envs_version": "0.29.0",
        "communication_protocol_version": "1.5.0",
        "pytorch_version": "1.7.0+cpu",
        "numpy_version": "1.21.2",
        "end_time_seconds": "1732606105"
    },
    "total": 4210.705286400001,
    "count": 1,
    "self": 0.008912500000405998,
    "children": {
        "run_training.setup": {
            "total": 0.14524779999999993,
            "count": 1,
            "self": 0.14524779999999993
        },
        "TrainerController.start_learning": {
            "total": 4210.5511261,
            "count": 1,
            "self": 6.399583700123003,
            "children": {
                "TrainerController._reset_env": {
                    "total": 39.1163225,
                    "count": 1,
                    "self": 39.1163225
                },
                "TrainerController.advance": {
                    "total": 4164.997242099877,
                    "count": 319968,
                    "self": 6.631229599664948,
                    "children": {
                        "env_step": {
                            "total": 2593.995738300189,
                            "count": 319968,
                            "self": 2328.435399100311,
                            "children": {
                                "SubprocessEnvManager._take_step": {
                                    "total": 261.30586459997704,
                                    "count": 319968,
                                    "self": 18.753786099961587,
                                    "children": {
                                        "TorchPolicy.evaluate": {
                                            "total": 242.55207850001545,
                                            "count": 312550,
                                            "self": 44.697486399951345,
                                            "children": {
                                                "TorchPolicy.sample_actions": {
                                                    "total": 197.8545921000641,
                                                    "count": 312550,
                                                    "self": 197.8545921000641
                                                }
                                            }
                                        }
                                    }
                                },
                                "workers": {
                                    "total": 4.254474599901123,
                                    "count": 319968,
                                    "self": 0.0,
                                    "children": {
                                        "worker_root": {
                                            "total": 4162.421815199933,
                                            "count": 319968,
                                            "is_parallel": true,
                                            "self": 2253.842988199911,