{
    "name": "root",
    "metadata": {
        "timer_format_version": "0.1.0",
        "start_time_seconds": "1732026044",
        "python_version": "3.7.13 (default, Mar 28 2022, 08:03:21) [MSC v.1916 64 bit (AMD64)]",
        "command_line_arguments": "E:\\--SoftWare\\envs\\ml-agents\\Scripts\\mlagents-learn ./trainer_config.yaml --run-id hb_01",
        "mlagents_version": "0.29.0",
        "mlagents_envs_version": "0.29.0",
        "communication_protocol_version": "1.5.0",
        "pytorch_version": "1.7.0+cpu",
        "numpy_version": "1.21.2",
        "end_time_seconds": "1732026060"
    },
    "total": 16.4907612,
    "count": 1,
    "self": 0.008134899999998169,
    "children": {
        "run_training.setup": {
            "total": 0.20458770000000026,
            "count": 1,
            "self": 0.20458770000000026
        },
        "TrainerController.start_learning": {
            "total": 16.278038600000002,
            "count": 1,
            "self": 0.00018240000000346868,
            "children": {
                "TrainerController._reset_env": {
                    "total": 15.984370599999998,
                    "count": 1,
                    "self": 15.984370599999998
                },
                "TrainerController.advance": {
                    "total": 0.22295989999999932,
                    "count": 1,
                    "self": 9.399999999715192e-06,
                    "children": {
                        "env_step": {
                            "total": 0.2229504999999996,
                            "count": 1,
                            "self": 0.00011519999999975994,
                            "children": {
                                "SubprocessEnvManager._take_step": {
                                    "total": 0.22283529999999985,
                                    "count": 1,
                                    "self": 2.029999999919596e-05,
                                    "children": {
                                        "TorchPolicy.evaluate": {
                                            "total": 0.22281500000000065,
                                            "count": 1,
                                            "self": 0.001889399999999597,
                                            "children": {
                                                "TorchPolicy.sample_actions": {
                                                    "total": 0.22092560000000105,
                                                    "count": 1,
                                                    "self": 0.22092560000000105
                                                }
                                            }
                                        }
                                    }
                                }
                            }
                        }
                    }
                },
                "TrainerController._save_models": {
                    "total": 0.07052570000000102,
                    "count": 1,
                    "self": 0.001397999999998234,
                    "children": {
                        "RLTrainer._checkpoint": {
                            "total": 0.06912770000000279,
                            "count": 1,
                            "self": 0.06912770000000279
                        }
                    }
                }
            }
        }
    }
}