{
    "name": "root",
    "metadata": {
        "timer_format_version": "0.1.0",
        "start_time_seconds": "1732109101",
        "python_version": "3.7.13 (default, Mar 28 2022, 08:03:21) [MSC v.1916 64 bit (AMD64)]",
        "command_line_arguments": "E:\\--SoftWare\\envs\\ml-agents\\Scripts\\mlagents-learn ./trainer_config.yaml --run-id hb_01",
        "mlagents_version": "0.29.0",
        "mlagents_envs_version": "0.29.0",
        "communication_protocol_version": "1.5.0",
        "pytorch_version": "1.7.0+cpu",
        "numpy_version": "1.21.2",
        "end_time_seconds": "1732109282"
    },
    "total": 180.38751979999998,
    "count": 1,
    "self": 0.004910800000004656,
    "children": {
        "run_training.setup": {
            "total": 0.15623530000000008,
            "count": 1,
            "self": 0.15623530000000008
        },
        "TrainerController.start_learning": {
            "total": 180.22637369999998,
            "count": 1,
            "self": 0.18528019999874346,
            "children": {
                "TrainerController._reset_env": {
                    "total": 7.8161039,
                    "count": 1,
                    "self": 7.8161039
                },
                "TrainerController.advance": {
                    "total": 172.16982810000127,
                    "count": 9699,
                    "self": 0.17422909999990566,
                    "children": {
                        "env_step": {
                            "total": 171.19154290000102,
                            "count": 9699,
                            "self": 164.8433920999994,
                            "children": {
                                "SubprocessEnvManager._take_step": {
                                    "total": 6.2376925000012395,
                                    "count": 9700,
                                    "self": 0.5055423000015153,
                                    "children": {
                                        "TorchPolicy.evaluate": {
                                            "total": 5.732150199999724,
                                            "count": 9700,
                                            "self": 1.2024550999999946,
                                            "children": {
                                                "TorchPolicy.sample_actions": {
                                                    "total": 4.52969509999973,
                                                    "count": 9700,
                                                    "self": 4.52969509999973
                                                }
                                            }
                                        }
                                    }
                                },
                                "workers": {
                                    "total": 0.11045830000038848,
                                    "count": 9698,
                                    "self": 0.0,
                                    "children": {
                                        "worker_root": {
                                            "total": 104.48700750000017,
                                            "count": 9698,
                                            "is_parallel": true,
                                            "self": 15.344338300000842,
                                            "children": {
                                                "steps_from_proto": {
                                                    "total": 0.0007716999999995977,
                                                    "count": 2,
                                                    "is_parallel": true,
                                                    "self": 0.00035209999999796793,
                                                    "children": {
                                                        "_process_rank_one_or_two_observation": {
                                                            "total": 0.0004196000000016298,
                                                            "count": 4,
                                                            "is_parallel": true,
                                                            "self": 0.0004196000000016298
                                                        }
                                                    }
                                                },
                                                "UnityEnvironment.step": {
                                                    "total": 89.14189749999933,
                                                    "count": 9698,
                                                    "is_parallel": true,
                                                    "self": 0.7135170999998053,
                                                    "children": {
                                                        "UnityEnvironment._generate_step_input": {
                                                            "total": 0.6149165999994404,
                                                            "count": 9698,
                                                            "is_parallel": true,
                                                            "self": 0.6149165999994404
                                                        },
                                                        "communicator.exchange": {
                                                            "total": 85.9160298000001,
                                                            "count": 9698,
                                                            "is_parallel": true,
                                                            "self": 85.9160298000001
                                                        },
                                                        "steps_from_proto": {
                                                            "total": 1.8974339999999827,
                                                            "count": 9698,
                                                            "is_parallel": true,
                                                            "self": 0.9844525999998162,
                                                            "children": {
                                                                "_process_rank_one_or_two_observation": {
                                                                    "total": 0.9129814000001666,
                                                                    "count": 19396,
                                                                    "is_parallel": true,
                                                                    "self": 0.9129814000001666
                                                                }
                                                            }
                                                        }
                                                    }
                                                }
                                            }
                                        }
                                    }
                                }
                            }
                        },
                        "trainer_advance": {
                            "total": 0.8040561000003414,
                            "count": 9698,
                            "self": 0.24516970000014382,
                            "children": {
                                "process_trajectory": {
                                    "total": 0.5588864000001976,
                                    "count": 9698,
                                    "self": 0.5588864000001976
                                }
                            }
                        }
                    }
                },