{
    "name": "root",
    "metadata": {
        "timer_format_version": "0.1.0",
        "start_time_seconds": "1732152133",
        "python_version": "3.7.13 (default, Mar 28 2022, 08:03:21) [MSC v.1916 64 bit (AMD64)]",
        "command_line_arguments": "E:\\--SoftWare\\envs\\ml-agents\\Scripts\\mlagents-learn ./trainer_config.yaml --run-id hb_01",
        "mlagents_version": "0.29.0",
        "mlagents_envs_version": "0.29.0",
        "communication_protocol_version": "1.5.0",
        "pytorch_version": "1.7.0+cpu",
        "numpy_version": "1.21.2",
        "end_time_seconds": "1732152260"
    },
    "total": 126.4478156,
    "count": 1,
    "self": 0.005719199999987268,
    "children": {
        "run_training.setup": {
            "total": 0.15783530000000012,
            "count": 1,
            "self": 0.15783530000000012
        },
        "TrainerController.start_learning": {
            "total": 126.28426110000001,
            "count": 1,
            "self": 0.10034489999978291,
            "children": {
                "TrainerController._reset_env": {
                    "total": 9.853219,
                    "count": 1,
                    "self": 9.853219
                },
                "TrainerController.advance": {
                    "total": 116.26954270000022,
                    "count": 5500,
                    "self": 0.10079640000020618,
                    "children": {
                        "env_step": {
                            "total": 115.70934059999955,
                            "count": 5500,
                            "self": 112.19289559999956,
                            "children": {
                                "SubprocessEnvManager._take_step": {
                                    "total": 3.4569997000000434,
                                    "count": 5500,
                                    "self": 0.26210660000008623,
                                    "children": {
                                        "TorchPolicy.evaluate": {
                                            "total": 3.194893099999957,
                                            "count": 5500,
                                            "self": 0.680548399999811,
                                            "children": {
                                                "TorchPolicy.sample_actions": {
                                                    "total": 2.514344700000146,
                                                    "count": 5500,
                                                    "self": 2.514344700000146
                                                }
                                            }
                                        }
                                    }
                                },
                                "workers": {
                                    "total": 0.0594452999999433,
                                    "count": 5499,
                                    "self": 0.0,
                                    "children": {
                                        "worker_root": {
                                            "total": 54.56816330000011,
                                            "count": 5499,
                                            "is_parallel": true,
                                            "self": 8.544009499999987,
                                            "children": {
                                                "steps_from_proto": {
                                                    "total": 0.0003019999999995804,
                                                    "count": 1,
                                                    "is_parallel": true,
                                                    "self": 0.00011529999999915219,
                                                    "children": {
                                                        "_process_rank_one_or_two_observation": {
                                                            "total": 0.0001867000000004282,
                                                            "count": 2,
                                                            "is_parallel": true,
                                                            "self": 0.0001867000000004282
                                                        }
                                                    }
                                                },
                                                "UnityEnvironment.step": {
                                                    "total": 46.02385180000012,
                                                    "count": 5499,
                                                    "is_parallel": true,
                                                    "self": 0.4031101000002053,
                                                    "children": {
                                                        "UnityEnvironment._generate_step_input": {
                                                            "total": 0.34271060000011744,
                                                            "count": 5499,
                                                            "is_parallel": true,
                                                            "self": 0.34271060000011744
                                                        },
                                                        "communicator.exchange": {
                                                            "total": 44.239004299999955,
                                                            "count": 5499,
                                                            "is_parallel": true,
                                                            "self": 44.239004299999955
                                                        },
                                                        "steps_from_proto": {
                                                            "total": 1.039026799999844,
                                                            "count": 5499,
                                                            "is_parallel": true,
                                                            "self": 0.5545315999995939,
                                                            "children": {
                                                                "_process_rank_one_or_two_observation": {
                                                                    "total": 0.48449520000025004,
                                                                    "count": 10998,
                                                                    "is_parallel": true,
                                                                    "self": 0.48449520000025004
                                                                }
                                                            }
                                                        }
                                                    }
                                                }
                                            }
                                        }
                                    }
                                }
                            }
                        },
                        "trainer_advance": {
                            "total": 0.45940570000046144,
                            "count": 5499,
                            "self": 0.13445770000049428,
                            "children": {
                                "process_trajectory": {
                                    "total": 0.32494799999996715,
                                    "count": 5499,
                                    "self": 0.32494799999996715
                                }
                            }
                        }
                    }
                },